"Plan","Currency","Existing displayed price","EUR reference","Raw FX value","Rounded major-unit price","Stripe API amount","Reconstructed displayed price","EUR equivalent","Difference %","Status","Existing status","Existing difference %"
"monthly","AED","14.99","4.99","20.6226058825","20.99","2099","20.99","5.078897429198348","1.7815116071813408","OK","Outside tolerance","-27.312774702637043"
"monthly","AUD","5.99","4.99","8.0966205575","7.99","799","7.99","4.924289055767574","-1.3168525898281769","OK","Outside tolerance","-26.018516522286706"
"monthly","BRL","24.9","4.99","29.3515933217","28.9","2890","28.9","4.913225609915459","-1.5385649315539318","OK","Outside tolerance","-15.16644521784405"
"monthly","CAD","14.99","4.99","7.9821684205","14.99","1499","14.99","9.370899742969161","87.79358202343008","Fixed override","OK","87.79358202343008"
"monthly","CHF","3","4.99","4.659494485700001","5","500","5","5.354658123659468","7.307778029247847","OK","Outside tolerance","-35.615333182451295"
"monthly","CLP","4990","4.99","5518.1373069533","5500","5500","5500","4.973598602814229","-0.32868531434413484","OK","OK","-9.570934494286764"
"monthly","CNY","28","4.99","37.661975599","37.99","3799","37.99","5.033461388707221","0.8709697135715677","OK","Outside tolerance","-25.65445769992094"
"monthly","COP","199","4.99","18625.964439457","19000","1900000","19000","5.090206217679431","2.0081406348583464","OK","Decimal/minor-unit bug","-98.93159894808754"
"monthly","CZK","99","4.99","122.0680489015","120","12000","120","4.905460563912084","-1.6941770759101527","OK","Outside tolerance","-18.89769608762587"
"monthly","DKK","39","4.99","37.3024519373","36.99","3699","36.99","4.948202877125941","-0.8376176928668988","OK","OK","4.55076804482808"
"monthly","EGP","199.99","4.99","293.77086597970003","290","29000","290","4.9259479668756425","-1.2836078782436533","OK","Outside tolerance","-31.923133584723963"
"monthly","EUR","4.99","4.99","4.99","4.99","499","4.99","4.99","0","Fixed override","OK","0"
"monthly","GBP","3.99","4.99","4.2504143855","3.99","399","3.99","4.684272683605146","-6.126799927752591","OK","OK","-6.126799927752591"
"monthly","HKD","32","4.99","44.0645627131","43.99","4399","43.99","4.981556300222665","-0.16921242038748785","OK","Outside tolerance","-27.379286143496252"
"monthly","HUF","17.9","4.99","1840.6463662773","1800","180000","1800","4.879807530963191","-2.2082659125613135","OK","Decimal/minor-unit bug","-99.02751553324158"
"monthly","IDR","690","4.99","100444.9071653211","100000","10000000","100000","4.9678974681981805","-0.44293650905449233","OK","Decimal/minor-unit bug","-99.31305626191248"
"monthly","ILS","14.9","4.99","17.238492323200003","16.9","1690","16.9","4.892017145055383","-1.9635842674272208","OK","Outside tolerance","-13.565526957672514"
"monthly","INR","399","4.99","540.68817656","540","54000","540","4.983648832759303","-0.12727790061516364","OK","Outside tolerance","-26.205155337676768"
"monthly","JPY","600","4.99","886.3812849996","890","890","890","5.010372031943346","0.4082571531732748","OK","Outside tolerance","-32.30904012145622"
"monthly","KRW","6600","4.99","7617.608199056101","7600","7600","7600","4.978465550997907","-0.2311512826070894","OK","Outside tolerance","-13.358631377000885"
"monthly","KZT","2490","4.99","2484.0429156848004","2500","250000","2500","5.022054941655828","0.6423836003171646","OK","OK","0.23981406591591092"
"monthly","MXN","89","4.99","102.5809362814","100","10000","100","4.864451603669743","-2.5159999264580457","OK","Outside tolerance","-13.239239934547664"
"monthly","MYR","19.9","4.99","22.932948986400003","22.9","2290","22.9","4.982830601845689","-0.14367531371366482","OK","Outside tolerance","-13.225289901436765"
"monthly","NGN","6900","4.99","7460.1485985078","7500","750000","7500","5.016656103537382","0.534190451650951","OK","OK","-7.50854478448113"
"monthly","NOK","49","4.99","54.0062343235","53.99","5399","53.99","4.9885000014298395","-0.030060091586381343","OK","OK","-9.269734107940975"
"monthly","NZD","6.99","4.99","10.002526556600001","9.99","999","9.99","4.983750827145492","-0.12523392494004915","OK","Outside tolerance","-30.1176561697028"
"monthly","PEN","17.9","4.99","19.4612155181","19.9","1990","19.9","5.10250759556332","2.2546612337338567","OK","OK","-8.022189141515778"
"monthly","PHP","249","4.99","351.6573853808","350","35000","350","4.966481787688786","-0.471306859944165","OK","Outside tolerance","-29.192444023217423"
"monthly","PKR","1100","4.99","1555.4492698447002","1600","160000","1600","5.132922143322066","2.864171208859023","OK","Outside tolerance","-29.28088229390943"
"monthly","PLN","19.99","4.99","21.836297584600004","21.99","2199","21.99","5.02512385970536","0.7038849640352618","OK","OK","-8.455176878987503"
"monthly","QAR","14.99","4.99","20.4401049658","19.99","1999","19.99","4.880116817741396","-2.202067780733552","OK","Outside tolerance","-26.66378169250605"
"monthly","RON","19.99","4.99","26.6609842239","26.99","2699","26.99","5.051580199326145","1.2340721307844804","OK","Outside tolerance","-25.021522716028834"
"monthly","RUB","349","4.99","468.13834201","470","47000","470","5.009843863525927","0.3976726157500332","OK","Outside tolerance","-25.44938778107072"
"monthly","SAR","17.99","4.99","21.0578004491","20.99","2099","20.99","4.973933543209948","-0.32197308196497687","OK","Outside tolerance","-14.568475261769887"
"monthly","SEK","49","4.99","56.2986144254","55.99","5599","55.99","4.962646112191862","-0.5481741043714905","OK","Outside tolerance","-12.964110218149727"
"monthly","SGD","5.98","4.99","7.184461032500001","6.99","699","6.99","4.854936207770433","-2.7066892230374173","OK","Outside tolerance","-16.764807089236587"
"monthly","THB","149","4.99","188.6062747635","190","19000","190","5.026874112162258","0.7389601635723109","OK","Outside tolerance","-20.99944702961961"
"monthly","TRY","199.99","4.99","275.8099952087","280","28000","280","5.065806258916637","1.5191635053434238","OK","Outside tolerance","-27.489937466308454"
"monthly","TWD","120","4.99","179.3056203495","180","18000","180","5.009324293623597","0.3872603932584706","OK","Outside tolerance","-33.0751597378277"
"monthly","TZS","11900","4.99","14812.943692599001","15000","1500000","15000","5.053013199354653","1.2627895662254973","OK","Outside tolerance","-19.66485361079443"
"monthly","USD","10.99","4.99","5.6154134664","10.99","1099","10.99","9.765995029241825","95.71132323129909","Fixed override","OK","95.71132323129909"
"monthly","VND","119000","4.99","146136.281139164","150000","150000","150000","5.121931351785335","2.64391486543758","OK","Outside tolerance","-18.56916087341952"
"monthly","ZAR","79.99","4.99","93.6302987308","93.99","9399","93.99","5.009170176295908","0.3841718696574681","OK","Outside tolerance","-14.568252922077873"
"yearly","AED","99.99","29.99","123.9422746325","120","12000","120","29.036097737198755","-3.1807344541555316","OK","Outside tolerance","-19.325346983925108"
"yearly","AUD","39.99","29.99","48.660851807499995","48.99","4899","48.99","30.192856175476024","0.6764127224942573","OK","Outside tolerance","-17.818947851142163"
"yearly","BRL","149.9","29.99","176.40366407169998","180","18000","180","30.60140518286445","2.038696841828802","OK","Outside tolerance","-15.02444079672146"
"yearly","CAD","99.99","29.99","47.97299217049999","99.99","9999","99.99","62.5080897464634","108.42977574679362","Fixed override","OK","108.42977574679362"
"yearly","CHF","20","29.99","28.0036552357","28","2800","28","29.98608549249302","-0.013052709259675499","OK","Outside tolerance","-28.58075193518549"
"yearly","CLP","29990","29.99","33164.11579870329","33000","33000","33000","29.84159161688537","-0.4948595635699382","OK","OK","-9.570934494286742"
"yearly","CNY","168","29.99","226.349228099","230","23000","230","30.47370674921455","1.6128934618691249","OK","Outside tolerance","-25.778408253939066"
"yearly","COP","1199","29.99","111942.419546957","110000","11000000","110000","29.469614944459867","-1.735195250217192","OK","Decimal/minor-unit bug","-98.92891362822736"
"yearly","CZK","699","29.99","733.6314201515","730","73000","730","29.84155176379851","-0.4949924514888071","OK","OK","-4.720547566562572"
"yearly","DKK","199","29.99","224.1884836873","220","22000","220","29.42970081015699","-1.8682867283861593","OK","Outside tolerance","-11.235404813403838"
"yearly","EGP","1299.99","29.99","1765.5687917296998","1800","180000","1800","30.57484944957295","1.950148214648073","OK","Outside tolerance","-26.369903790244255"
"yearly","EUR","29.99","29.99","29.99","29.99","2999","29.99","29.99","0","Fixed override","OK","0"
"yearly","GBP","24.99","29.99","25.545075635499998","25.99","2599","25.99","30.512342618270107","1.741722635112053","OK","OK","-2.1729261773201003"
"yearly","HKD","188","29.99","264.8289049631","260","26000","260","29.443160674196243","-1.8234055545306993","OK","Outside tolerance","-29.01077017019912"
"yearly","HUF","99.9","29.99","11062.3215480273","11000","1100000","11000","29.82104602255283","-0.5633677140619131","OK","Decimal/minor-unit bug","-99.0969345849668"
"yearly","IDR","3990","29.99","603675.9049875711","600000","60000000","600000","29.807384809189085","-0.6089202761284218","OK","Decimal/minor-unit bug","-99.33904931983626"
"yearly","ILS","89.9","29.99","103.6036843232","100","10000","100","28.946847012162028","-3.478336071483734","OK","Outside tolerance","-13.227024128263864"
"yearly","INR","2499","29.99","3249.5467765599997","3200","320000","3200","29.532733823758836","-1.5247288304140127","OK","Outside tolerance","-23.096967921001443"
"yearly","JPY","4000","29.99","5327.1692859996","5300","5300","5300","29.837046931797456","-0.5100135651968873","OK","Outside tolerance","-24.913217785054254"
"yearly","KRW","44000","29.99","45781.9779338061","46000","46000","46000","30.132817808671543","0.47621810160567435","OK","OK","-3.8923131202032613"
"yearly","KZT","14990","29.99","14929.1477036848","15000","1500000","15000","30.132329649934963","0.4745903632376258","OK","OK","0.4076073029954719"
"yearly","MXN","499","29.99","616.5134827814","620","62000","620","30.15959994275241","0.5655216497246096","OK","Outside tolerance","-19.060975317399066"
"yearly","MYR","119.9","29.99","137.82748298639999","140","14000","140","30.4627198366112","1.5762582081067178","OK","Outside tolerance","-13.007190291771465"
"yearly","NGN","39900","29.99","44835.6425790078","45000","4500000","45000","30.09993662122429","0.36657759661318234","OK","Outside tolerance","-11.008301197669645"
"yearly","NOK","299","29.99","324.57855057349997","320","32000","320","29.566956852334666","-1.4106140302278414","OK","OK","-7.880542484494146"
"yearly","NZD","49.99","29.99","60.1153850566","59.99","5999","59.99","29.927448660706514","-0.208573988974603","OK","Outside tolerance","-16.84325077027572"
"yearly","PEN","99.9","29.99","116.9622952681","120","12000","120","30.768890023497406","2.5971658002581055","OK","Outside tolerance","-14.587859471285114"
"yearly","PHP","1490","29.99","2113.4679333808","2100","210000","2100","29.798890726132715","-0.6372433273333811","OK","Outside tolerance","-29.49975836082226"
"yearly","PKR","6900","29.99","9348.2812830947","9300","930000","9300","29.835109958059505","-0.5164722972340607","OK","Outside tolerance","-26.189640736657527"
"yearly","PLN","99.99","29.99","131.2365860846","130","13000","130","29.70741708784433","-0.9422571262276191","OK","Outside tolerance","-23.809356077319233"
"yearly","QAR","99.99","29.99","122.84544046579998","120","12000","120","29.295348580738747","-2.3162768231452135","OK","Outside tolerance","-18.60503766288576"
"yearly","RON","129.99","29.99","160.2330494739","160","16000","160","29.946381322422504","-0.14544407328274112","OK","Outside tolerance","-18.87441421928765"
"yearly","RUB","2290","29.99","2813.5208170099995","2800","280000","2800","29.845878335899137","-0.48056573558138416","OK","Outside tolerance","-18.607319833743354"
"yearly","SAR","99.99","29.99","126.5578026991","130","13000","130","30.805686546798153","2.719861776586052","OK","Outside tolerance","-20.992623238147402"
"yearly","SEK","299","29.99","338.35580092539993","340","34000","340","30.135732776303506","0.48593790031179473","OK","Outside tolerance","-11.631484022961091"
"yearly","SGD","34.98","29.99","43.1787547825","42.99","4299","42.99","29.85889950959241","-0.43714735047546416","OK","Outside tolerance","-18.987937062564143"
"yearly","THB","999","29.99","1133.5274910135","1100","110000","1100","29.10295538620255","-2.9578013130958647","OK","Outside tolerance","-11.868039556166154"
"yearly","TRY","1299.99","29.99","1657.6235984587","1700","170000","1700","30.75668085770815","2.5564550106974115","OK","Outside tolerance","-21.575078853319695"
"yearly","TWD","790","29.99","1077.6303715995","1100","110000","1100","30.612537349921983","2.075816438552791","OK","Outside tolerance","-26.69100455776663"
"yearly","TZS","69900","29.99","89026.088445099","89000","8900000","89000","29.981211649504274","-0.029304269742336242","OK","Outside tolerance","-21.48368953320212"
"yearly","USD","79.99","29.99","33.7487474664","79.99","7999","79.99","71.08115945305309","137.0162035780363","Fixed override","OK","137.0162035780363"
"yearly","VND","799000","29.99","878281.9782291639","880000","880000","880000","30.048663930473964","0.19561163879282528","OK","OK","-9.026938977959698"
"yearly","ZAR","499.99","29.99","562.7199717308","560","56000","560","29.845039884303738","-0.4833615061562435","OK","Outside tolerance","-11.147635570469749"
"lifetime","AED","244.99","69.99","289.2537446325","290","29000","290","70.17056953156366","0.25799332985234624","OK","Outside tolerance","-15.302738669377492"
"lifetime","AUD","104.99","69.99","113.56362180749998","110","11000","110","67.79371666263243","-3.137995909940794","OK","OK","-7.549619914406225"
"lifetime","BRL","419.9","69.99","411.68697727169996","410","41000","410","69.70320069430237","-0.40977183268700035","OK","OK","1.9949678230603007"
"lifetime","CAD","139.99","69.99","111.95831017049998","139.99","13999","139.99","87.513826218696","25.037614257316765","Fixed override","OK","25.037614257316765"
"lifetime","CHF","56","69.99","65.3543124357","65","6500","65","69.61055560757308","-0.5421408664479377","OK","Outside tolerance","-14.31322905417053"
"lifetime","CLP","69990","69.99","77397.68138550328","77000","77000","77000","69.6303804393992","-0.5138156316627951","OK","OK","-9.570934494286742"
"lifetime","CNY","418","69.99","528.248832099","530","53000","530","70.22201990036396","0.33150435828541713","OK","Outside tolerance","-20.87062486459753"
"lifetime","COP","2799","69.99","261248.74771895696","260000","26000000","260000","69.65545350508695","-0.47799184871130107","OK","Decimal/minor-unit bug","-98.92860730455594"
"lifetime","CZK","1743","69.99","1712.1328141515","1700","170000","1700","69.49402465542119","-0.708637440461235","OK","OK","1.802849965456521"
"lifetime","DKK","559","69.99","523.2061344873","520","52000","520","69.56111100582561","-0.6127861039782689","OK","OK","6.841254938223362"
"lifetime","EGP","3499.99","69.99","4120.4454729296995","4100","410000","4100","69.6427126351384","-0.49619569204401026","OK","Outside tolerance","-15.057970721999304"
"lifetime","EUR","69.99","69.99","69.99","69.99","6999","69.99","69.99","0","Fixed override","OK","0"
"lifetime","GBP","62.99","69.99","59.61653363549999","59.99","5999","59.99","70.42845069911596","0.626447634113414","OK","OK","5.658608709331614"
"lifetime","HKD","482","69.99","618.0518525630999","620","62000","620","70.21061391539104","0.3152077659537733","OK","Outside tolerance","-22.0130158980811"
"lifetime","HUF","279.9","69.99","25817.0018388273","26000","2600000","26000","70.48610878057943","0.7088280905549693","OK","Decimal/minor-unit bug","-98.91583073144052"
"lifetime","IDR","10490","69.99","1408845.501503171","1400000","140000000","1400000","69.55056455477454","-0.6278546152671205","OK","Decimal/minor-unit bug","-99.25541871065296"
"lifetime","ILS","209.9","69.99","241.7879915232","240","24000","240","69.47243282918888","-0.7394873136321256","OK","Outside tolerance","-13.188409946380764"
"lifetime","INR","6930","69.99","7583.720536559999","7600","760000","7600","70.14024283142723","0.21466328250783206","OK","OK","-8.62005045423957"
"lifetime","JPY","10500","69.99","12432.4300875996","12000","12000","12000","67.55557795878669","-3.478242664971154","OK","Outside tolerance","-15.543462331849756"
"lifetime","KRW","104300","69.99","106844.96950940609","110000","110000","110000","72.05673823812761","2.9529050409024205","OK","OK","-2.381927311217069"
"lifetime","KZT","34990","69.99","34841.3153644848","35000","3500000","35000","70.30876918318158","0.45544961163250797","OK","OK","0.42674805460061194"
"lifetime","MXN","1399","69.99","1438.8055571813998","1400","140000","1400","68.10232245137641","-2.697067507677642","OK","OK","-2.7665696023150166"
"lifetime","MYR","279.9","69.99","321.6587373864","320","32000","320","69.62907391225417","-0.5156823656891407","OK","Outside tolerance","-12.982310919238726"
"lifetime","NGN","104900","69.99","104636.43294780779","100000","10000000","100000","66.8887480471651","-4.43099293161151","OK","OK","0.2518884147395317"
"lifetime","NOK","699","69.99","757.4942565734999","760","76000","760","70.22152252429483","0.33079371952398073","OK","OK","-7.722072618490438"
"lifetime","NZD","104.99","69.99","140.2959586566","140","14000","140","69.84235393397086","-0.21095308762557607","OK","Outside tolerance","-25.165342604784346"
"lifetime","PEN","279.9","69.99","272.96402286809996","270","27000","270","69.23000255286917","-1.0858657624386647","OK","OK","2.540985826271913"
"lifetime","PHP","4190","69.99","4932.364810180799","4900","490000","4900","69.53074502764301","-0.6561722708343876","OK","Outside tolerance","-15.050890166284914"
"lifetime","PKR","17430","69.99","21816.8125042947","22000","2200000","22000","70.5776794706784","0.8396620526909704","OK","Outside tolerance","-20.107485928254388"
"lifetime","PLN","279.99","69.99","306.2770476846","310","31000","310","70.84076382485956","1.2155505427340563","OK","OK","-8.582767753354492"
"lifetime","QAR","209.99","69.99","286.69397726579996","290","29000","290","70.79709240345197","1.1531538840577005","OK","Outside tolerance","-26.754652468574914"
"lifetime","RON","349.99","69.99","373.9483538739","370","37000","370","69.25100680810203","-1.0558553963394113","OK","OK","-6.406861703148192"
"lifetime","RUB","5590","69.99","6566.132777009999","6600","660000","6600","70.3509989346194","0.5157864475202389","OK","Outside tolerance","-14.866174811873023"
"lifetime","SAR","279.99","69.99","295.3578062991","300","30000","300","71.0900458772265","1.5717186415580953","OK","OK","-5.203114991833823"
"lifetime","SEK","836","69.99","789.6472993253999","790","79000","790","70.02126145082285","0.04466559626068456","OK","OK","5.870051187941683"
"lifetime","SGD","90.99","69.99","100.76962478249999","100","10000","100","69.45545361617215","-0.7637467978680479","OK","OK","-9.70493321138014"
"lifetime","THB","2090","69.99","2645.4014370135","2600","260000","2600","68.7888036401151","-1.7162399769751202","OK","Outside tolerance","-20.994977519953085"
"lifetime","TRY","3499.99","69.99","3868.5253636587","3900","390000","3900","70.55944432062458","0.8136081163374609","OK","OK","-9.526507622794899"
"lifetime","TWD","2090","69.99","2514.9499735995","2500","250000","2500","69.57394852254995","-0.5944441740963535","OK","Outside tolerance","-16.89695532954455"
"lifetime","TZS","174900","69.99","207767.12004909897","210000","21000000","210000","70.74218479096514","1.0747032304117","OK","Outside tolerance","-15.819211452385684"
"lifetime","USD","99.99","69.99","78.7620818664","99.99","9999","99.99","88.85367088024476","26.951951536283424","Fixed override","OK","26.951951536283424"
"lifetime","VND","2099000","69.99","2049715.0935731637","2000000","2000000","2000000","68.29241802380447","-2.425463603651279","OK","OK","2.404475947967999"
"lifetime","ZAR","1399.99","69.99","1313.2634485308","1300","130000","1300","69.28312830284797","-1.0099609903586604","OK","OK","6.603895933159842"
