"Plan","Currency","Old","New","Root cause"
"monthly","AED","14.99","20.99","Static local price outside EUR-reference tolerance"
"monthly","AUD","5.99","7.99","Static local price outside EUR-reference tolerance"
"monthly","BRL","24.9","28.9","Static local price outside EUR-reference tolerance"
"monthly","CHF","3","5","Static local price outside EUR-reference tolerance"
"monthly","CLP","4990","5500","EUR FX regeneration/local-market rounding"
"monthly","CNY","28","37.99","Static local price outside EUR-reference tolerance"
"monthly","COP","199","19000","Legacy major/minor-unit scale mismatch; regenerate from EUR FX"
"monthly","CZK","99","120","Static local price outside EUR-reference tolerance"
"monthly","DKK","39","36.99","EUR FX regeneration/local-market rounding"
"monthly","EGP","199.99","290","Static local price outside EUR-reference tolerance"
"monthly","HKD","32","43.99","Static local price outside EUR-reference tolerance"
"monthly","HUF","17.9","1800","Legacy major/minor-unit scale mismatch; regenerate from EUR FX"
"monthly","IDR","690","100000","Legacy major/minor-unit scale mismatch; regenerate from EUR FX"
"monthly","ILS","14.9","16.9","Static local price outside EUR-reference tolerance"
"monthly","INR","399","540","Static local price outside EUR-reference tolerance"
"monthly","JPY","600","890","Static local price outside EUR-reference tolerance"
"monthly","KRW","6600","7600","Static local price outside EUR-reference tolerance"
"monthly","KZT","2490","2500","EUR FX regeneration/local-market rounding"
"monthly","MXN","89","100","Static local price outside EUR-reference tolerance"
"monthly","MYR","19.9","22.9","Static local price outside EUR-reference tolerance"
"monthly","NGN","6900","7500","EUR FX regeneration/local-market rounding"
"monthly","NOK","49","53.99","EUR FX regeneration/local-market rounding"
"monthly","NZD","6.99","9.99","Static local price outside EUR-reference tolerance"
"monthly","PEN","17.9","19.9","EUR FX regeneration/local-market rounding"
"monthly","PHP","249","350","Static local price outside EUR-reference tolerance"
"monthly","PKR","1100","1600","Static local price outside EUR-reference tolerance"
"monthly","PLN","19.99","21.99","EUR FX regeneration/local-market rounding"
"monthly","QAR","14.99","19.99","Static local price outside EUR-reference tolerance"
"monthly","RON","19.99","26.99","Static local price outside EUR-reference tolerance"
"monthly","RUB","349","470","Static local price outside EUR-reference tolerance"
"monthly","SAR","17.99","20.99","Static local price outside EUR-reference tolerance"
"monthly","SEK","49","55.99","Static local price outside EUR-reference tolerance"
"monthly","SGD","5.98","6.99","Static local price outside EUR-reference tolerance"
"monthly","THB","149","190","Static local price outside EUR-reference tolerance"
"monthly","TRY","199.99","280","Static local price outside EUR-reference tolerance"
"monthly","TWD","120","180","Static local price outside EUR-reference tolerance"
"monthly","TZS","11900","15000","Static local price outside EUR-reference tolerance"
"monthly","VND","119000","150000","Static local price outside EUR-reference tolerance"
"monthly","ZAR","79.99","93.99","Static local price outside EUR-reference tolerance"
"yearly","AED","99.99","120","Static local price outside EUR-reference tolerance"
"yearly","AUD","39.99","48.99","Static local price outside EUR-reference tolerance"
"yearly","BRL","149.9","180","Static local price outside EUR-reference tolerance"
"yearly","CHF","20","28","Static local price outside EUR-reference tolerance"
"yearly","CLP","29990","33000","EUR FX regeneration/local-market rounding"
"yearly","CNY","168","230","Static local price outside EUR-reference tolerance"
"yearly","COP","1199","110000","Legacy major/minor-unit scale mismatch; regenerate from EUR FX"
"yearly","CZK","699","730","EUR FX regeneration/local-market rounding"
"yearly","DKK","199","220","Static local price outside EUR-reference tolerance"
"yearly","EGP","1299.99","1800","Static local price outside EUR-reference tolerance"
"yearly","GBP","24.99","25.99","EUR FX regeneration/local-market rounding"
"yearly","HKD","188","260","Static local price outside EUR-reference tolerance"
"yearly","HUF","99.9","11000","Legacy major/minor-unit scale mismatch; regenerate from EUR FX"
"yearly","IDR","3990","600000","Legacy major/minor-unit scale mismatch; regenerate from EUR FX"
"yearly","ILS","89.9","100","Static local price outside EUR-reference tolerance"
"yearly","INR","2499","3200","Static local price outside EUR-reference tolerance"
"yearly","JPY","4000","5300","Static local price outside EUR-reference tolerance"
"yearly","KRW","44000","46000","EUR FX regeneration/local-market rounding"
"yearly","KZT","14990","15000","EUR FX regeneration/local-market rounding"
"yearly","MXN","499","620","Static local price outside EUR-reference tolerance"
"yearly","MYR","119.9","140","Static local price outside EUR-reference tolerance"
"yearly","NGN","39900","45000","Static local price outside EUR-reference tolerance"
"yearly","NOK","299","320","EUR FX regeneration/local-market rounding"
"yearly","NZD","49.99","59.99","Static local price outside EUR-reference tolerance"
"yearly","PEN","99.9","120","Static local price outside EUR-reference tolerance"
"yearly","PHP","1490","2100","Static local price outside EUR-reference tolerance"
"yearly","PKR","6900","9300","Static local price outside EUR-reference tolerance"
"yearly","PLN","99.99","130","Static local price outside EUR-reference tolerance"
"yearly","QAR","99.99","120","Static local price outside EUR-reference tolerance"
"yearly","RON","129.99","160","Static local price outside EUR-reference tolerance"
"yearly","RUB","2290","2800","Static local price outside EUR-reference tolerance"
"yearly","SAR","99.99","130","Static local price outside EUR-reference tolerance"
"yearly","SEK","299","340","Static local price outside EUR-reference tolerance"
"yearly","SGD","34.98","42.99","Static local price outside EUR-reference tolerance"
"yearly","THB","999","1100","Static local price outside EUR-reference tolerance"
"yearly","TRY","1299.99","1700","Static local price outside EUR-reference tolerance"
"yearly","TWD","790","1100","Static local price outside EUR-reference tolerance"
"yearly","TZS","69900","89000","Static local price outside EUR-reference tolerance"
"yearly","VND","799000","880000","EUR FX regeneration/local-market rounding"
"yearly","ZAR","499.99","560","Static local price outside EUR-reference tolerance"
"lifetime","AED","244.99","290","Static local price outside EUR-reference tolerance"
"lifetime","AUD","104.99","110","EUR FX regeneration/local-market rounding"
"lifetime","BRL","419.9","410","EUR FX regeneration/local-market rounding"
"lifetime","CHF","56","65","Static local price outside EUR-reference tolerance"
"lifetime","CLP","69990","77000","EUR FX regeneration/local-market rounding"
"lifetime","CNY","418","530","Static local price outside EUR-reference tolerance"
"lifetime","COP","2799","260000","Legacy major/minor-unit scale mismatch; regenerate from EUR FX"
"lifetime","CZK","1743","1700","EUR FX regeneration/local-market rounding"
"lifetime","DKK","559","520","EUR FX regeneration/local-market rounding"
"lifetime","EGP","3499.99","4100","Static local price outside EUR-reference tolerance"
"lifetime","GBP","62.99","59.99","EUR FX regeneration/local-market rounding"
"lifetime","HKD","482","620","Static local price outside EUR-reference tolerance"
"lifetime","HUF","279.9","26000","Legacy major/minor-unit scale mismatch; regenerate from EUR FX"
"lifetime","IDR","10490","1400000","Legacy major/minor-unit scale mismatch; regenerate from EUR FX"
"lifetime","ILS","209.9","240","Static local price outside EUR-reference tolerance"
"lifetime","INR","6930","7600","EUR FX regeneration/local-market rounding"
"lifetime","JPY","10500","12000","Static local price outside EUR-reference tolerance"
"lifetime","KRW","104300","110000","EUR FX regeneration/local-market rounding"
"lifetime","KZT","34990","35000","EUR FX regeneration/local-market rounding"
"lifetime","MXN","1399","1400","EUR FX regeneration/local-market rounding"
"lifetime","MYR","279.9","320","Static local price outside EUR-reference tolerance"
"lifetime","NGN","104900","100000","EUR FX regeneration/local-market rounding"
"lifetime","NOK","699","760","EUR FX regeneration/local-market rounding"
"lifetime","NZD","104.99","140","Static local price outside EUR-reference tolerance"
"lifetime","PEN","279.9","270","EUR FX regeneration/local-market rounding"
"lifetime","PHP","4190","4900","Static local price outside EUR-reference tolerance"
"lifetime","PKR","17430","22000","Static local price outside EUR-reference tolerance"
"lifetime","PLN","279.99","310","EUR FX regeneration/local-market rounding"
"lifetime","QAR","209.99","290","Static local price outside EUR-reference tolerance"
"lifetime","RON","349.99","370","EUR FX regeneration/local-market rounding"
"lifetime","RUB","5590","6600","Static local price outside EUR-reference tolerance"
"lifetime","SAR","279.99","300","EUR FX regeneration/local-market rounding"
"lifetime","SEK","836","790","EUR FX regeneration/local-market rounding"
"lifetime","SGD","90.99","100","EUR FX regeneration/local-market rounding"
"lifetime","THB","2090","2600","Static local price outside EUR-reference tolerance"
"lifetime","TRY","3499.99","3900","EUR FX regeneration/local-market rounding"
"lifetime","TWD","2090","2500","Static local price outside EUR-reference tolerance"
"lifetime","TZS","174900","210000","Static local price outside EUR-reference tolerance"
"lifetime","VND","2099000","2000000","EUR FX regeneration/local-market rounding"
"lifetime","ZAR","1399.99","1300","EUR FX regeneration/local-market rounding"
