Search Question / Keyword,User Intent & Mindset 🤔,Content Angle & Product Tie-in 💡
Category 1: The Financially Stressed (Debt & Crisis Management),,
"""how to get out of credit card debt fast""","Urgent & Overwhelmed. Drowning in high-interest debt and looking for an immediate, actionable plan.","Detail the Debt Avalanche (paying highest interest first) vs. Debt Snowball (paying smallest balance first) methods. Offer a free calculator. Tie-in: Explain how compound interest works against them with debt, then show how it can work for them with your high-interest portfolios once they're clear."
"""student loan forgiveness update""","Confused & Hopeful. Trying to navigate complex government programs like SAVE, PSLF, or recent forgiveness announcements.","Provide a simple, up-to-date summary of the current state of federal student loan forgiveness and repayment plans. Link to official .gov sources. Tie-in: Position your platform as a tool to build wealth that can pay off loans faster or to save for the ""tax bomb"" on certain forgiven amounts."
"""what is a good credit score to buy a car""",Goal-Oriented & Anxious. Needs a specific credit score target for a major purchase to avoid high interest rates.,"Explain the different FICO score ranges (excellent, good, fair) and what lenders look for. Offer tips to quickly boost a score before applying. Tie-in: Frame good financial habits as a whole. After securing a good loan rate, show how the money they save on interest can be invested for future goals."
"""how to stop living paycheck to paycheck""",Frustrated & Trapped. Desperately wants to break the cycle of having no money left before the next payday.,"Create a step-by-step guide: 1. Track expenses. 2. Create a bare-bones budget. 3. Find small wins to cut costs. 4. Automate a tiny saving amount ($5/week). Tie-in: Your platform is the perfect destination for that first automated saving. Show how even small, consistent amounts can grow into a meaningful safety net."
"""medical debt collections help""",Stressed & Scared. Dealing with aggressive collectors for often unexpected medical bills. Needs to know their rights.,"Explain the protections consumers have against medical debt collection (e.g., rules about credit reporting). Provide strategies for negotiating bills with hospitals. Tie-in: Position an emergency fund, built via your portfolios, as the ultimate shield against the financial shock of unexpected medical expenses."
Category 2: The Cautious Planner (Saving & Budgeting Foundations),,
"""high yield savings account vs CD""",Analytical & Opportunity-Seeking. Sees high interest rates and wants to know the best place for their cash right now.,"A clear comparison of HYSA (liquidity, variable rate) vs. Certificates of Deposit (fixed rate, withdrawal penalty). Use a table to compare pros and cons. Tie-in: Introduce your high-interest portfolios as the next step up for potentially higher returns. Frame it as: ""HYSAs are for saving, our portfolios are for building wealth."""
"""50/30/20 budget rule""","Seeking Structure. Wants a simple, popular, and easy-to-follow framework for managing their money.","Create a visually appealing infographic and article explaining the Needs (50%), Wants (30%), and Savings (20%) categories. Offer a free template. Tie-in: Focus heavily on the 20% Savings bucket. Use a simulator to show the powerful long-term difference between putting that 20% in a regular bank account vs. your income-generating portfolios."
"""how much should I have in my emergency fund""",Prudent & Planning. Wants a concrete financial goal to protect against job loss or unexpected events.,"Explain the standard ""3-6 months of essential living expenses"" rule. Provide a calculator to help them find their specific number. Tie-in: Discuss the ""emergency fund ladder"": keep 1 month in cash, and months 2-6 in a vehicle like your portfolios that offers better returns but is still accessible."
"""sinking funds for beginners""","Proactive & Goal-Oriented. Wants to save for specific, non-monthly expenses (e.g., car maintenance, holidays) without derailing their budget.","Explain the concept of creating multiple small savings pots for different goals. Provide examples like ""New Car Fund"" or ""Vacation Fund."" Tie-in: Frame your platform as the ideal place to house these funds, especially for goals 12+ months away, where they can benefit from compound growth."
Category 3: The Aspiring Investor (Wealth Growth & Passive Income),,
"""how to start investing with $100""",Motivated but Hesitant. Eager to start but thinks they need a lot of money. Looking for an accessible entry point.,"Bust the myth that investing is only for the rich. Explain fractional shares, ETFs, and low-cost index funds. Tie-in: This is your core audience. Position your platform as the #1 simplest way to start. Emphasize your low minimum deposit and pre-built, diversified portfolios."
"""Roth IRA vs Traditional IRA""",Future-Focused & Tax-Conscious. Knows they should save for retirement but is confused about the tax implications of different accounts.,"A simple side-by-side comparison: ""Pay taxes now"" (Roth) vs. ""Pay taxes later"" (Traditional). Explain the income limits for Roth IRAs. Tie-in: Advise a dual strategy: use tax-advantaged accounts like IRAs for retirement, and use your flexible, taxable portfolios for goals before age 59.5, like achieving passive income."
"""best investments for passive income""",Ambitious & Strategic. Actively searching for ways to make their money generate a regular cash flow.,"Discuss various passive income assets: high-dividend stocks, REITs, bonds. Explain the pros and cons of each. Tie-in: Present your portfolios as the ultimate shortcut. ""We've already done the research and bundled the best dividend-paying assets into a simple portfolio for you."""
"""what to do with 401k when you leave a job""",In Transition. Has left an employer and is unsure what to do with their old retirement account.,"Clearly explain the options: 1. Leave it. 2. Roll it over to the new employer's 401(k). 3. Roll it over to an IRA. 4. Cash it out (and why this is usually a bad idea). Tie-in: While you can't manage their 401(k), this builds trust. You can then pivot to how your platform can help them manage their other investments for non-retirement goals."
"""investing during a recession""","Nervous & Cautious. Worried about market volatility and wants to know if they should invest, pause, or sell.","Write a reassuring article about the power of long-term investing and dollar-cost averaging. Use historical data to show that downturns are often the best times to invest. Tie-in: Highlight the nature of high-yield/dividend stocks—they often continue to pay dividends even when stock prices are down, providing a steady income stream during uncertain times."
Category 4: The Advanced Planner (Optimization & Major Goals),,
"""how to retire early (FIRE movement)""","Highly Motivated & Disciplined. Part of the ""Financial Independence, Retire Early"" movement, focused on extreme saving and investing.","Create a comprehensive guide on FIRE principles: calculating your FIRE number (25x annual expenses), high savings rates, and investing strategies. Tie-in: Your passive income portfolios are perfectly aligned with FIRE. Frame them as an ""income engine"" that helps users reach their passive income goals faster."
"""what is an HSA account""",Health & Tax-Savvy. Wants to understand the unique triple tax advantage of a Health Savings Account.,"Explain what an HSA is, who is eligible (must have a high-deductible health plan), and its benefits as both a health and retirement savings tool. Tie-in: Advise users to max out tax-advantaged accounts like an HSA first, then direct any additional investment capital to your flexible portfolios to build wealth alongside it."
"""how to save for a house down payment""",Goal-Focused & Planning. Actively saving for their first home and needs a strategy for their down payment fund.,"Analyze the pros and cons of different places to save a down payment based on their timeline (e.g., HYSA for short-term, conservative investments for 5+ years out). Tie-in: For users with a longer home-buying timeline, position your more stable, high-interest portfolios as a way to potentially outpace inflation and reach their goal faster than cash."
"""how to calculate my net worth""",Financially Aware. Wants to track their overall financial progress by calculating assets minus liabilities.,"Provide a simple formula and a free net worth calculator or spreadsheet template. Explain why tracking this number is a key indicator of financial health. Tie-in: Show how regular investments in your platform directly and consistently increase the ""Assets"" side of their net worth calculation over time."